species,atom,npa_charge,wiberg_total,nmr_shielding,cm5_charge,hirshfeld_charge,ox_npa_charge,ox_cm5_charge,ox_hirshfeld_charge,red_npa_charge,red_cm5_charge,red_hirshfeld_charge,fukui_plus,fukui_minus,fukui_rad
Ac4_rdkit_conf_1,0,-0.2566,3.7844,131.1287,-0.113471,0.008936,-0.2876,-0.082223,0.040184,-0.24641,-0.132264,-0.009857,-0.018792999999999997,-0.031247999999999998,0.012455
Ac4_rdkit_conf_1,1,-0.44212,2.2082,213.6728,-0.206318,-0.116298,-0.27201,-0.08709,0.002931,-0.45855,-0.225318,-0.135297,-0.018999000000000002,-0.119229,0.10023
Ac4_rdkit_conf_1,2,0.3537,3.9271,2.9260,0.11231,0.091229,0.42203,0.186615,0.165534,0.30887,0.065185,0.044104,-0.04712500000000001,-0.07430499999999998,0.027179999999999975
Ac4_rdkit_conf_1,3,-0.3165,3.9534,58.9584,-0.119167,-0.06663,-0.20956,-0.041469,0.011068,-0.36608,-0.180238,-0.127701,-0.061071000000000014,-0.07769799999999999,0.016626999999999975
Ac4_rdkit_conf_1,4,-0.15967,3.9628,30.0019,-0.083356,-0.027473,-0.16373,-0.028485,0.027398,-0.36363,-0.202696,-0.146813,-0.11934,-0.054871,-0.064469
Ac4_rdkit_conf_1,5,-0.25573,3.9593,48.9585,-0.111882,-0.055841,-0.01478,0.027945,0.083985,-0.2488,-0.164318,-0.108277,-0.052435999999999997,-0.139826,0.08739000000000001
Ac4_rdkit_conf_1,6,-0.14155,3.9538,29.8936,-0.079428,-0.027792,-0.15211,-0.029059,0.022577,-0.26113,-0.162487,-0.110851,-0.08305900000000001,-0.050369,-0.03269000000000001
Ac4_rdkit_conf_1,7,-0.23074,3.9995,51.6343,-0.031991,-0.033787,-0.11214,0.037681,0.035884,-0.32439,-0.101524,-0.10332,-0.069533,-0.069671,0.00013799999999999923
Ac4_rdkit_conf_1,8,0.7775,3.8456,8.7587,0.259267,0.203492,0.74971,0.275267,0.219492,0.68952,0.16892,0.113144,-0.09034800000000001,-0.015999999999999986,-0.07434800000000003
Ac4_rdkit_conf_1,9,-0.57121,2.0407,-149.4832,-0.327498,-0.280097,-0.50897,-0.2771,-0.229699,-0.70257,-0.442114,-0.394713,-0.114616,-0.050398,-0.064218
Ac4_rdkit_conf_1,10,-0.69686,1.942,115.8028,-0.381336,-0.182091,-0.67676,-0.356778,-0.157533,-0.7332,-0.428152,-0.228906,-0.046814999999999996,-0.024557999999999996,-0.022257
Ac4_rdkit_conf_1,11,0.17349,0.972,28.3825,0.098119,0.038315,0.21193,0.130546,0.070741,0.15745,0.07989,0.020086,-0.018229000000000002,-0.032425999999999996,0.014196999999999994
Ac4_rdkit_conf_1,12,0.17293,0.9722,28.4109,0.097542,0.037771,0.21158,0.130176,0.070404,0.15684,0.079221,0.01945,-0.018321,-0.032632999999999995,0.014311999999999995
Ac4_rdkit_conf_1,13,0.20434,0.9589,27.7626,0.114886,0.053515,0.24267,0.147452,0.086081,0.17649,0.091314,0.029943,-0.023572,-0.032566000000000005,0.008994000000000005
Ac4_rdkit_conf_1,14,0.22171,0.9524,24.4495,0.101023,0.040492,0.25454,0.139102,0.078571,0.18673,0.064019,0.003488,-0.037004,-0.038079,0.0010749999999999996
Ac4_rdkit_conf_1,15,0.21522,0.9546,23.7322,0.104409,0.048206,0.25718,0.144436,0.088233,0.17625,0.044501,-0.011702,-0.059908,-0.04002700000000001,-0.019880999999999996
Ac4_rdkit_conf_1,16,0.21899,0.9528,24.3711,0.10076,0.044496,0.25181,0.154931,0.098668,0.18093,0.061642,0.005378,-0.039118,-0.054172000000000005,0.015054000000000005
Ac4_rdkit_conf_1,17,0.2366,0.9449,22.8791,0.108916,0.045008,0.27625,0.144341,0.080433,0.20571,0.066247,0.002339,-0.042669,-0.035425000000000005,-0.0072439999999999935
Ac4_rdkit_conf_1,18,0.49649,0.7564,26.1047,0.357245,0.178579,0.51994,0.383739,0.205073,0.46597,0.318209,0.139543,-0.03903599999999999,-0.026494000000000018,-0.01254199999999997
Ac7_rdkit_conf_3,0,-0.5915,2.0196,-149.8683,-0.341352,-0.290334,-0.1978,-0.050873,0.000144,-0.82114,-0.57003,-0.519012,-0.22867800000000005,-0.29047799999999996,0.06179999999999991
Ac7_rdkit_conf_3,1,0.80494,3.8245,-6.3302,0.261806,0.212744,0.8146,0.347957,0.298896,0.41782,0.032058,-0.017004,-0.22974799999999998,-0.086152,-0.14359599999999997
Ac7_rdkit_conf_3,2,-0.69886,1.9494,117.2673,-0.376427,-0.176131,-0.59111,-0.279367,-0.079071,-0.78547,-0.484702,-0.284406,-0.10827499999999998,-0.09706000000000001,-0.011214999999999975
Ac7_rdkit_conf_3,3,-0.32207,3.9681,136.3349,-0.081199,-0.021831,-0.27309,-0.041613,0.017755,-0.29834,-0.108234,-0.048866,-0.027035,-0.039585999999999996,0.012550999999999996
Ac7_rdkit_conf_3,4,-0.38931,3.9218,154.7460,-0.155746,-0.049236,-0.3749,-0.125085,-0.018575,-0.40482,-0.178095,-0.071585,-0.022348999999999994,-0.030661,0.008312000000000007
Ac7_rdkit_conf_3,4,-0.38931,3.9218,154.7460,-0.155745,-0.049235,-0.3749,-0.125085,-0.018575,-0.40483,-0.178101,-0.071591,-0.022356,-0.03066,0.008303999999999999
Ac7_rdkit_conf_3,5,-0.39486,3.9288,158.8170,-0.15943,-0.049277,-0.37935,-0.128858,-0.018705,-0.40323,-0.178479,-0.068326,-0.019048999999999996,-0.030572000000000002,0.011523000000000005
Ac7_rdkit_conf_3,5,-0.39486,3.9288,158.8170,-0.15943,-0.049277,-0.37935,-0.128858,-0.018705,-0.40323,-0.178478,-0.068325,-0.019047999999999995,-0.030572000000000002,0.011524000000000006
Ac7_rdkit_conf_3,5,-0.39486,3.9288,158.8170,-0.15943,-0.049277,-0.37935,-0.128858,-0.018705,-0.40323,-0.178479,-0.068326,-0.019048999999999996,-0.030572000000000002,0.011523000000000005
Ac7_rdkit_conf_3,5,-0.39486,3.9288,158.8170,-0.15943,-0.049277,-0.37935,-0.128858,-0.018705,-0.40323,-0.178478,-0.068325,-0.019047999999999995,-0.030572000000000002,0.011524000000000006
Ac7_rdkit_conf_3,6,-0.39588,3.9296,158.5558,-0.161232,-0.050993,-0.40556,-0.142296,-0.032057,-0.39404,-0.17308,-0.06284,-0.011846999999999996,-0.018935999999999995,0.007088999999999998
Ac7_rdkit_conf_3,5,-0.39486,3.9288,158.8170,-0.15943,-0.049277,-0.37935,-0.128858,-0.018705,-0.40323,-0.178479,-0.068326,-0.019048999999999996,-0.030572000000000002,0.011523000000000005
Ac7_rdkit_conf_3,5,-0.39486,3.9288,158.8170,-0.15943,-0.049277,-0.37935,-0.128858,-0.018705,-0.40323,-0.178478,-0.068325,-0.019047999999999995,-0.030572000000000002,0.011524000000000006
Ac7_rdkit_conf_3,5,-0.39486,3.9288,158.8170,-0.15943,-0.049277,-0.37935,-0.128858,-0.018705,-0.40323,-0.178479,-0.068326,-0.019048999999999996,-0.030572000000000002,0.011523000000000005
Ac7_rdkit_conf_3,5,-0.39486,3.9288,158.8170,-0.15943,-0.049277,-0.37935,-0.128858,-0.018705,-0.40323,-0.178478,-0.068325,-0.019047999999999995,-0.030572000000000002,0.011524000000000006
Ac7_rdkit_conf_3,4,-0.38931,3.9218,154.7460,-0.155746,-0.049236,-0.3749,-0.125085,-0.018575,-0.40482,-0.178095,-0.071585,-0.022348999999999994,-0.030661,0.008312000000000007
Ac7_rdkit_conf_3,4,-0.38931,3.9218,154.7460,-0.155745,-0.049235,-0.3749,-0.125085,-0.018575,-0.40483,-0.178101,-0.071591,-0.022356,-0.03066,0.008303999999999999
Ac7_rdkit_conf_3,9,0.49481,0.7585,26.1909,0.357531,0.179832,0.52584,0.405145,0.227445,0.45666,0.296944,0.119245,-0.06058699999999999,-0.047613000000000016,-0.012973999999999972
Ac7_rdkit_conf_3,10,0.22178,0.9529,29.8444,0.103828,0.039447,0.25632,0.130919,0.066538,0.19277,0.075606,0.011225,-0.028222000000000004,-0.027090999999999997,-0.001131000000000007
Ac7_rdkit_conf_3,11,0.21348,0.9555,30.2151,0.089636,0.033319,0.24731,0.11704,0.060722,0.19774,0.063533,0.007215,-0.026104000000000002,-0.027402999999999997,0.0012989999999999946
Ac7_rdkit_conf_3,11,0.21348,0.9555,30.2151,0.089637,0.033319,0.24731,0.11704,0.060722,0.19772,0.063514,0.007196,-0.026123,-0.027402999999999997,0.0012799999999999964
Ac7_rdkit_conf_3,11,0.21348,0.9555,30.2151,0.089636,0.033319,0.24731,0.11704,0.060722,0.19774,0.063533,0.007215,-0.026104000000000002,-0.027402999999999997,0.0012989999999999946
Ac7_rdkit_conf_3,11,0.21348,0.9555,30.2151,0.089637,0.033319,0.24731,0.11704,0.060722,0.19772,0.063514,0.007196,-0.026123,-0.027402999999999997,0.0012799999999999964
Ac7_rdkit_conf_3,12,0.20826,0.9584,30.4898,0.088497,0.02889,0.2312,0.110214,0.050607,0.19098,0.071231,0.011624,-0.017265999999999997,-0.021717,0.0044510000000000036
Ac7_rdkit_conf_3,12,0.20826,0.9584,30.4898,0.088497,0.02889,0.2312,0.110214,0.050607,0.19098,0.071229,0.011622,-0.017268,-0.021717,0.0044490000000000016
Ac7_rdkit_conf_3,12,0.20826,0.9584,30.4898,0.088497,0.02889,0.2312,0.110214,0.050607,0.19098,0.071231,0.011624,-0.017265999999999997,-0.021717,0.0044510000000000036
Ac7_rdkit_conf_3,12,0.20826,0.9584,30.4898,0.088497,0.02889,0.2312,0.110214,0.050607,0.19098,0.071229,0.011622,-0.017268,-0.021717,0.0044490000000000016
Ac7_rdkit_conf_3,13,0.21071,0.9567,30.3054,0.086896,0.032208,0.25702,0.123716,0.069028,0.1764,0.05508,0.000392,-0.031816,-0.036820000000000006,0.0050040000000000084
Ac7_rdkit_conf_3,13,0.21071,0.9567,30.3054,0.086896,0.032208,0.25702,0.123716,0.069028,0.17642,0.055092,0.000404,-0.031804,-0.036820000000000006,0.0050160000000000066
Ac7_rdkit_conf_3,13,0.21071,0.9567,30.3054,0.086896,0.032208,0.25702,0.123716,0.069028,0.1764,0.05508,0.000392,-0.031816,-0.036820000000000006,0.0050040000000000084
Ac7_rdkit_conf_3,13,0.21071,0.9567,30.3054,0.086896,0.032208,0.25702,0.123716,0.069028,0.17642,0.055092,0.000404,-0.031804,-0.036820000000000006,0.0050160000000000066
Ac7_rdkit_conf_3,14,0.19391,0.9643,30.8753,0.084085,0.028331,0.21653,0.104984,0.04923,0.17713,0.067482,0.011728,-0.016603,-0.020899000000000004,0.004296000000000005
Ac7_rdkit_conf_3,14,0.19391,0.9643,30.8753,0.084085,0.028331,0.21653,0.104984,0.04923,0.17713,0.067483,0.011729,-0.016602,-0.020899000000000004,0.004297000000000006
Ac7_rdkit_conf_3,15,0.19354,0.9645,30.8330,0.083622,0.027879,0.21254,0.101275,0.045532,0.18194,0.070894,0.01515,-0.012729,-0.017653000000000002,0.004924000000000001
Ac7_rdkit_conf_3,16,0.20885,0.9574,30.3620,0.085498,0.030869,0.26265,0.124785,0.070156,0.1814,0.059003,0.004375,-0.026494,-0.039286999999999996,0.012792999999999995
Ac7_rdkit_conf_3,13,0.21071,0.9567,30.3054,0.086896,0.032208,0.25702,0.123716,0.069028,0.1764,0.05508,0.000392,-0.031816,-0.036820000000000006,0.0050040000000000084
Ac7_rdkit_conf_3,13,0.21071,0.9567,30.3054,0.086896,0.032208,0.25702,0.123716,0.069028,0.17642,0.055092,0.000404,-0.031804,-0.036820000000000006,0.0050160000000000066
Ac7_rdkit_conf_3,13,0.21071,0.9567,30.3054,0.086896,0.032208,0.25702,0.123716,0.069028,0.1764,0.05508,0.000392,-0.031816,-0.036820000000000006,0.0050040000000000084
Ac7_rdkit_conf_3,13,0.21071,0.9567,30.3054,0.086896,0.032208,0.25702,0.123716,0.069028,0.17642,0.055092,0.000404,-0.031804,-0.036820000000000006,0.0050160000000000066
Ac7_rdkit_conf_3,14,0.19391,0.9643,30.8753,0.084085,0.028331,0.21653,0.104984,0.04923,0.17713,0.067482,0.011728,-0.016603,-0.020899000000000004,0.004296000000000005
Ac7_rdkit_conf_3,14,0.19391,0.9643,30.8753,0.084085,0.028331,0.21653,0.104984,0.04923,0.17713,0.067483,0.011729,-0.016602,-0.020899000000000004,0.004297000000000006
Ac7_rdkit_conf_3,11,0.21348,0.9555,30.2151,0.089636,0.033319,0.24731,0.11704,0.060722,0.19774,0.063533,0.007215,-0.026104000000000002,-0.027402999999999997,0.0012989999999999946
Ac7_rdkit_conf_3,11,0.21348,0.9555,30.2151,0.089637,0.033319,0.24731,0.11704,0.060722,0.19772,0.063514,0.007196,-0.026123,-0.027402999999999997,0.0012799999999999964
Ac7_rdkit_conf_3,11,0.21348,0.9555,30.2151,0.089636,0.033319,0.24731,0.11704,0.060722,0.19774,0.063533,0.007215,-0.026104000000000002,-0.027402999999999997,0.0012989999999999946
Ac7_rdkit_conf_3,11,0.21348,0.9555,30.2151,0.089637,0.033319,0.24731,0.11704,0.060722,0.19772,0.063514,0.007196,-0.026123,-0.027402999999999997,0.0012799999999999964
Ac7_rdkit_conf_3,12,0.20826,0.9584,30.4898,0.088497,0.02889,0.2312,0.110214,0.050607,0.19098,0.071231,0.011624,-0.017265999999999997,-0.021717,0.0044510000000000036
Ac7_rdkit_conf_3,12,0.20826,0.9584,30.4898,0.088497,0.02889,0.2312,0.110214,0.050607,0.19098,0.071229,0.011622,-0.017268,-0.021717,0.0044490000000000016
Ac7_rdkit_conf_3,12,0.20826,0.9584,30.4898,0.088497,0.02889,0.2312,0.110214,0.050607,0.19098,0.071231,0.011624,-0.017265999999999997,-0.021717,0.0044510000000000036
Ac7_rdkit_conf_3,12,0.20826,0.9584,30.4898,0.088497,0.02889,0.2312,0.110214,0.050607,0.19098,0.071229,0.011622,-0.017268,-0.021717,0.0044490000000000016
Ac3_rdkit_conf_1,0,-0.57395,2.0352,-127.6635,-0.317972,-0.267438,-0.49852,-0.259079,-0.208546,-0.70195,-0.428023,-0.37749,-0.11005199999999998,-0.058892,-0.05115999999999998
Ac3_rdkit_conf_1,1,0.77863,3.8437,7.6059,0.268478,0.213222,0.74424,0.28231,0.227055,0.7064,0.183761,0.128505,-0.08471699999999999,-0.013833000000000012,-0.07088399999999997
Ac3_rdkit_conf_1,2,-0.68048,1.9687,125.1630,-0.364223,-0.166138,-0.667,-0.34382,-0.145735,-0.71689,-0.411169,-0.213084,-0.04694599999999999,-0.020403000000000004,-0.026542999999999983
Ac3_rdkit_conf_1,3,-0.1645,4.0077,34.9610,-0.009055,-0.00587,-0.08899,0.060587,0.063771,-0.29027,-0.088967,-0.085782,-0.079912,-0.069641,-0.010271000000000002
Ac3_rdkit_conf_1,4,-0.12394,3.9395,34.2300,-0.056189,-0.008674,-0.1245,-0.000295,0.04722,-0.16573,-0.10945,-0.061935,-0.053260999999999996,-0.055894,0.0026330000000000034
Ac3_rdkit_conf_1,5,-0.1415,4.0065,30.7739,-0.020983,-0.018689,0.1543,0.122042,0.124336,-0.17844,-0.072724,-0.070431,-0.051741999999999996,-0.143025,0.09128300000000002
Ac3_rdkit_conf_1,6,0.97997,3.7223,55.1002,0.343581,0.28851,0.94033,0.363034,0.307964,0.98174,0.326091,0.271021,-0.017488999999999977,-0.019454000000000027,0.00196500000000005
Ac3_rdkit_conf_1,7,-0.31725,1.0394,265.8609,-0.120638,-0.097507,-0.28839,-0.089467,-0.066335,-0.3352,-0.143777,-0.120645,-0.023138000000000006,-0.03117199999999999,0.008033999999999986
Ac3_rdkit_conf_1,8,-0.32122,1.0333,239.8121,-0.133159,-0.111509,-0.28583,-0.095101,-0.073452,-0.34238,-0.158006,-0.136357,-0.02484800000000001,-0.038056999999999994,0.013208999999999985
Ac3_rdkit_conf_1,9,-0.32121,1.0333,239.6429,-0.133207,-0.111567,-0.28578,-0.09511,-0.07347,-0.34239,-0.158075,-0.136435,-0.024868,-0.038097000000000006,0.013229000000000005
Ac3_rdkit_conf_1,10,-0.13676,3.9462,37.0023,-0.061767,-0.014409,-0.10774,0.002317,0.049674,-0.35007,-0.17894,-0.131583,-0.117174,-0.064083,-0.053091
Ac3_rdkit_conf_1,11,-0.14204,4.0066,30.5936,-0.021478,-0.01911,-0.11352,0.032306,0.034674,-0.1558,-0.068211,-0.065843,-0.046733,-0.053784,0.007051000000000002
Ac3_rdkit_conf_1,12,0.98023,3.7219,55.0777,0.343611,0.288588,0.97037,0.356465,0.301442,0.98298,0.329658,0.274635,-0.013952999999999993,-0.012853999999999977,-0.0010990000000000166
Ac3_rdkit_conf_1,13,-0.31935,1.0365,265.5458,-0.122213,-0.099032,-0.29607,-0.096068,-0.072886,-0.33743,-0.144653,-0.121472,-0.02244,-0.02614599999999999,0.003705999999999987
Ac3_rdkit_conf_1,14,-0.3205,1.0343,240.1409,-0.132426,-0.110745,-0.29614,-0.10519,-0.083509,-0.33992,-0.156576,-0.134895,-0.02414999999999999,-0.027235999999999996,0.0030860000000000054
Ac3_rdkit_conf_1,15,-0.32048,1.0343,239.1507,-0.132775,-0.111153,-0.29591,-0.105407,-0.083785,-0.34005,-0.157024,-0.135403,-0.024249999999999994,-0.027368000000000003,0.0031180000000000097
Ac3_rdkit_conf_1,16,-0.12645,3.9446,32.5408,-0.059162,-0.011787,0.13248,0.09098,0.138355,-0.21393,-0.131183,-0.083808,-0.07202099999999999,-0.150142,0.07812100000000001
Ac3_rdkit_conf_1,17,0.50406,0.7483,25.4242,0.36852,0.191163,0.53028,0.39591,0.218553,0.47304,0.330248,0.152891,-0.038272,-0.027389999999999998,-0.010882000000000003
Ac3_rdkit_conf_1,18,0.26256,0.932,22.3517,0.121678,0.057996,0.30253,0.157505,0.093823,0.23291,0.089143,0.02546,-0.032535999999999995,-0.035827000000000005,0.003291000000000009
Ac3_rdkit_conf_1,19,0.25119,0.9378,23.0004,0.118695,0.057465,0.29163,0.156526,0.095296,0.21378,0.065385,0.004154,-0.053311000000000004,-0.037831000000000004,-0.01548
Ac3_rdkit_conf_1,20,0.253,0.9369,22.5460,0.120701,0.056703,0.28224,0.169571,0.105573,0.21961,0.082516,0.018518,-0.038185000000000004,-0.04887,0.010684999999999993
Ac5_rdkit_conf_2,0,-0.58732,3.8687,154.0394,-0.231253,-0.086343,-0.58529,-0.211264,-0.066354,-0.59191,-0.247589,-0.10268,-0.01633699999999999,-0.019989000000000007,0.0036520000000000163
Ac5_rdkit_conf_2,1,-0.17255,4.0169,134.7220,-0.003683,0.014206,-0.21911,0.00073,0.018619,-0.15453,-0.012679,0.005209,-0.008997,-0.004413,-0.0045839999999999995
Ac5_rdkit_conf_2,2,-0.59803,3.864,159.2535,-0.227679,-0.081737,-0.60541,-0.217128,-0.071185,-0.59299,-0.239659,-0.093717,-0.01197999999999999,-0.010552000000000006,-0.0014279999999999848
Ac5_rdkit_conf_2,3,0.80773,3.8237,-9.0503,0.266321,0.214162,0.80256,0.272657,0.220498,0.79648,0.252189,0.20003,-0.014131999999999978,-0.006336000000000008,-0.00779599999999997
Ac5_rdkit_conf_2,4,-0.58401,2.0352,-156.4288,-0.324794,-0.273989,-0.56683,-0.305818,-0.255013,-0.60017,-0.34516,-0.294355,-0.020365999999999995,-0.018975999999999993,-0.0013900000000000023
Ac5_rdkit_conf_2,5,-0.6979,1.9515,114.3354,-0.373952,-0.172383,-0.67845,-0.352166,-0.150597,-0.71791,-0.398293,-0.196724,-0.024341,-0.021786,-0.0025550000000000017
Ac5_rdkit_conf_2,6,-0.00096,4.0204,17.6619,-0.009204,0.000629,0.29798,0.121232,0.131064,-0.16159,-0.092567,-0.082734,-0.083363,-0.13043500000000002,0.04707200000000002
Ac5_rdkit_conf_2,7,-0.218,3.9635,41.9577,-0.098569,-0.044356,-0.2094,-0.036588,0.017625,-0.19353,-0.145283,-0.091071,-0.046715,-0.061980999999999994,0.015265999999999995
Ac5_rdkit_conf_2,8,-0.2041,3.965,37.6404,-0.098901,-0.042803,-0.14376,-0.0174,0.038697,-0.38355,-0.213501,-0.157403,-0.11459999999999998,-0.0815,-0.03309999999999998
Ac5_rdkit_conf_2,9,-0.21425,3.964,39.2775,-0.099773,-0.043698,0.05232,0.056858,0.112932,-0.38125,-0.212844,-0.15677,-0.11307199999999999,-0.15663,0.043558
Ac5_rdkit_conf_2,10,-0.20335,3.9641,37.5405,-0.095656,-0.039642,-0.21105,-0.039417,0.016597,-0.18573,-0.150496,-0.094482,-0.05484,-0.056239,0.0013989999999999975
Ac5_rdkit_conf_2,11,-0.1959,3.9659,33.5447,-0.092074,-0.039125,-0.12753,-0.012345,0.040604,-0.39712,-0.200557,-0.147608,-0.108483,-0.079729,-0.028754000000000002
Ac5_rdkit_conf_2,12,0.21378,0.955,30.2973,0.086844,0.032234,0.22187,0.099071,0.044461,0.2112,0.073992,0.019382,-0.012851999999999999,-0.012227000000000002,-0.0006249999999999971
Ac5_rdkit_conf_2,13,0.22196,0.9516,30.0276,0.088968,0.031993,0.26361,0.12116,0.064185,0.18882,0.060096,0.003121,-0.028872000000000002,-0.032192000000000005,0.0033200000000000035
Ac5_rdkit_conf_2,14,0.2147,0.9549,31.0601,0.088699,0.035177,0.22414,0.1011,0.047578,0.2082,0.075684,0.022162,-0.013014999999999999,-0.012401000000000002,-0.0006139999999999965
Ac5_rdkit_conf_2,15,0.21415,0.9554,30.2623,0.090958,0.037333,0.22209,0.101783,0.048158,0.20454,0.078341,0.024717,-0.012615999999999999,-0.010825000000000001,-0.0017909999999999975
Ac5_rdkit_conf_2,16,0.22056,0.9521,30.3068,0.091533,0.037183,0.22862,0.102686,0.048336,0.21439,0.079718,0.025368,-0.011814999999999999,-0.011152999999999996,-0.0006620000000000029
Ac5_rdkit_conf_2,17,0.22442,0.9504,30.2700,0.090792,0.03465,0.25446,0.114818,0.058676,0.19723,0.067099,0.010958,-0.023691999999999998,-0.024026,0.00033400000000000096
Ac5_rdkit_conf_2,18,0.49648,0.7568,25.9398,0.358819,0.180933,0.5155,0.380256,0.202369,0.46813,0.330162,0.152276,-0.028657000000000016,-0.021435999999999983,-0.007221000000000033
Ac5_rdkit_conf_2,19,0.21225,0.9562,23.9155,0.096489,0.037864,0.2549,0.13497,0.076345,0.17462,0.062975,0.00435,-0.033514,-0.038480999999999994,0.004966999999999992
Ac5_rdkit_conf_2,20,0.21246,0.9558,23.8883,0.09832,0.042182,0.25427,0.14512,0.088981,0.17317,0.037404,-0.018735,-0.060917,-0.04679900000000001,-0.014117999999999992
Ac5_rdkit_conf_2,21,0.21361,0.9552,24.0067,0.098914,0.042835,0.24548,0.15708,0.101001,0.17379,0.037985,-0.018094,-0.060929,-0.058165999999999995,-0.0027630000000000016
Ac5_rdkit_conf_2,22,0.21375,0.9552,23.8733,0.099864,0.043708,0.25787,0.142484,0.086327,0.1751,0.059665,0.003509,-0.040199,-0.042619000000000004,0.0024200000000000055
Ac5_rdkit_conf_2,23,0.21055,0.9571,23.9044,0.099017,0.03899,0.25113,0.140122,0.080096,0.1746,0.043319,-0.016707,-0.055696999999999997,-0.041106000000000004,-0.014590999999999993
Ac4_rdkit_conf_3,0,-0.247,3.7836,120.9633,-0.121767,-0.000445,-0.26134,-0.092116,0.029206,-0.23891,-0.139676,-0.018354,-0.017908999999999998,-0.029651,0.011742000000000002
Ac4_rdkit_conf_3,1,-0.49703,2.0915,257.1976,-0.244164,-0.15597,-0.41948,-0.172385,-0.084191,-0.5136,-0.264612,-0.176418,-0.020447999999999994,-0.071779,0.051331
Ac4_rdkit_conf_3,2,0.32691,3.9385,1.2141,0.100302,0.08104,0.51114,0.211046,0.191784,0.25869,0.046362,0.0271,-0.05394,-0.11074400000000001,0.05680400000000001
Ac4_rdkit_conf_3,3,-0.26125,3.962,41.7624,-0.101285,-0.050204,-0.16937,-0.018227,0.032854,-0.29048,-0.158267,-0.107186,-0.056982000000000005,-0.08305799999999999,0.026075999999999988
Ac4_rdkit_conf_3,4,-0.1747,3.9622,29.9518,-0.082779,-0.027093,-0.18749,-0.028336,0.02735,-0.37304,-0.20044,-0.144754,-0.11766099999999999,-0.054443,-0.063218
Ac4_rdkit_conf_3,5,-0.23183,3.9605,42.6883,-0.10015,-0.044282,0.03184,0.053635,0.109503,-0.24037,-0.155837,-0.099969,-0.055687,-0.153785,0.098098
Ac4_rdkit_conf_3,6,-0.1478,3.9531,29.5316,-0.075973,-0.024299,-0.10969,-0.005223,0.046451,-0.241,-0.14788,-0.096206,-0.071907,-0.07075000000000001,-0.0011569999999999914
Ac4_rdkit_conf_3,7,-0.22243,4.0043,42.9358,-0.026488,-0.027745,-0.16462,0.030928,0.029671,-0.31818,-0.097231,-0.098488,-0.070743,-0.057415999999999995,-0.013327000000000006
Ac4_rdkit_conf_3,8,0.78645,3.8397,4.2490,0.266176,0.210603,0.75973,0.279335,0.223763,0.6874,0.169686,0.114114,-0.09648900000000002,-0.013159999999999977,-0.08332900000000004
Ac4_rdkit_conf_3,9,-0.59394,2.0154,-129.7155,-0.333293,-0.282048,-0.52493,-0.278354,-0.22711,-0.72679,-0.448247,-0.397003,-0.11495499999999997,-0.054938000000000015,-0.06001699999999996
Ac4_rdkit_conf_3,10,-0.6766,1.9736,112.7618,-0.360905,-0.163967,-0.66729,-0.344986,-0.148048,-0.71873,-0.41265,-0.215712,-0.051744999999999985,-0.01591899999999999,-0.035826
Ac4_rdkit_conf_3,11,0.16592,0.9743,28.3809,0.090456,0.030697,0.1848,0.111027,0.051269,0.15244,0.073178,0.01342,-0.017277,-0.020572000000000003,0.003295000000000003
Ac4_rdkit_conf_3,12,0.19448,0.963,27.9349,0.107434,0.046527,0.23282,0.13916,0.078253,0.16273,0.081362,0.020455,-0.026071999999999998,-0.031726000000000004,0.005654000000000006
Ac4_rdkit_conf_3,13,0.18114,0.9692,28.0096,0.092216,0.029024,0.20567,0.115253,0.052062,0.17668,0.081923,0.018732,-0.010292000000000003,-0.023037999999999996,0.012745999999999993
Ac4_rdkit_conf_3,14,0.22465,0.9508,24.1049,0.108721,0.049086,0.26391,0.152148,0.092513,0.18705,0.070034,0.010399,-0.038687,-0.043427,0.004740000000000001
Ac4_rdkit_conf_3,15,0.21721,0.9537,23.6975,0.10541,0.049264,0.26172,0.147335,0.091188,0.17844,0.045951,-0.010196,-0.05946,-0.041924,-0.017535999999999996
Ac4_rdkit_conf_3,16,0.21983,0.9524,24.0726,0.103477,0.047243,0.25188,0.160597,0.104364,0.18192,0.063666,0.007433,-0.03981,-0.057121,0.017311
Ac4_rdkit_conf_3,17,0.23911,0.9438,22.9570,0.111384,0.049649,0.27856,0.15186,0.090125,0.21071,0.071816,0.010081,-0.039568,-0.040476,0.0009079999999999991
Ac4_rdkit_conf_3,18,0.49689,0.7559,25.4899,0.361236,0.182928,0.52212,0.387311,0.209002,0.46505,0.320868,0.14256,-0.040368000000000015,-0.026073999999999986,-0.014294000000000029
Ac7_rdkit_conf_1,0,-0.60004,2.0163,-158.1231,-0.328833,-0.273962,-0.14581,-0.005718,0.049153,-0.74184,-0.456808,-0.401938,-0.12797600000000003,-0.323115,0.19513899999999995
Ac7_rdkit_conf_1,1,0.8011,3.8237,-6.3576,0.264272,0.215384,0.80533,0.355803,0.306915,0.64028,0.151023,0.102135,-0.11324899999999999,-0.091531,-0.021717999999999987
Ac7_rdkit_conf_1,2,-0.69428,1.9553,111.5659,-0.37723,-0.176558,-0.56514,-0.262174,-0.061503,-0.73772,-0.436745,-0.236073,-0.05951500000000001,-0.11505499999999999,0.05553999999999998
Ac7_rdkit_conf_1,3,-0.32837,3.9655,143.7398,-0.079134,-0.019835,-0.28128,-0.038743,0.020556,-0.33704,-0.122368,-0.063069,-0.043234,-0.040390999999999996,-0.0028430000000000052
Ac7_rdkit_conf_1,4,-0.392,3.9246,157.9928,-0.157558,-0.051032,-0.40472,-0.144625,-0.0381,-0.40568,-0.182141,-0.075616,-0.024584,-0.012931999999999999,-0.011652000000000003
Ac7_rdkit_conf_1,5,-0.40344,3.9237,162.6946,-0.162708,-0.053164,-0.39763,-0.147618,-0.038075,-0.39847,-0.175512,-0.065968,-0.012803999999999996,-0.015089000000000005,0.0022850000000000092
Ac7_rdkit_conf_1,6,-0.39614,3.9308,158.1287,-0.162644,-0.052688,-0.40739,-0.148905,-0.038949,-0.39771,-0.178186,-0.068229,-0.015541,-0.013739000000000001,-0.001801999999999998
Ac7_rdkit_conf_1,7,-0.40092,3.9288,160.9954,-0.161594,-0.052322,-0.40391,-0.148706,-0.039434,-0.40447,-0.180579,-0.071307,-0.018984999999999995,-0.012888000000000004,-0.006096999999999991
Ac7_rdkit_conf_1,8,-0.3891,3.9217,155.5148,-0.158002,-0.051309,-0.39472,-0.132839,-0.026146,-0.42506,-0.194903,-0.08821,-0.036900999999999996,-0.025163,-0.011737999999999995
Ac7_rdkit_conf_1,9,0.49412,0.7593,25.9298,0.357334,0.179541,0.52526,0.408261,0.230468,0.46053,0.312652,0.134859,-0.044682,-0.050927,0.0062450000000000006
Ac7_rdkit_conf_1,10,0.23729,0.9449,29.5149,0.107135,0.045068,0.30908,0.157559,0.095492,0.04091,-0.025741,-0.087808,-0.132876,-0.050424,-0.082452
Ac7_rdkit_conf_1,11,0.19912,0.9619,30.8699,0.084927,0.028727,0.24876,0.121325,0.065126,0.13244,0.021763,-0.034436,-0.063163,-0.036399,-0.026763999999999996
Ac7_rdkit_conf_1,12,0.22547,0.9503,29.8106,0.091082,0.032384,0.23284,0.10695,0.048252,0.20577,0.064844,0.006147,-0.026237000000000003,-0.015868,-0.010369000000000003
Ac7_rdkit_conf_1,13,0.20867,0.9575,30.5917,0.085522,0.030716,0.2464,0.114437,0.059632,0.16935,0.054549,-0.000257,-0.030973,-0.028915999999999997,-0.0020570000000000033
Ac7_rdkit_conf_1,14,0.21081,0.9574,30.3197,0.086211,0.026635,0.20956,0.095775,0.0362,0.20816,0.073368,0.013793,-0.012842,-0.009565000000000004,-0.003276999999999995
Ac7_rdkit_conf_1,15,0.2082,0.9577,30.4087,0.08472,0.030078,0.24434,0.112679,0.058037,0.17805,0.058816,0.004173,-0.025905,-0.027958999999999998,0.002053999999999997
Ac7_rdkit_conf_1,16,0.18944,0.9662,30.9256,0.080471,0.024826,0.22027,0.10506,0.049415,0.1608,0.044421,-0.011224,-0.03605,-0.024589,-0.011460999999999999
Ac7_rdkit_conf_1,17,0.21055,0.9568,30.5213,0.086165,0.031431,0.24644,0.113932,0.059199,0.16868,0.046614,-0.008119,-0.03955,-0.027768,-0.011782
Ac7_rdkit_conf_1,18,0.19434,0.9643,30.9048,0.083448,0.025822,0.20231,0.093706,0.036079,0.19138,0.067587,0.009961,-0.015861,-0.010256999999999999,-0.005604000000000001
Ac7_rdkit_conf_1,19,0.22456,0.9507,29.6529,0.089416,0.029627,0.24345,0.110292,0.050503,0.20411,0.058721,-0.001069,-0.030696,-0.020876,-0.009820000000000002
Ac7_rdkit_conf_1,20,0.20062,0.9616,30.6383,0.087025,0.030656,0.26657,0.133573,0.077205,0.08754,-0.001354,-0.057722,-0.088378,-0.04654899999999999,-0.041829000000000005
Ac7_rdkit_conf_2,0,-0.59583,2.0177,-142.4918,-0.332911,-0.28051,-0.18463,-0.037924,0.014477,-0.74223,-0.472438,-0.420037,-0.139527,-0.294987,0.15546
Ac7_rdkit_conf_2,1,0.8057,3.8234,-7.4159,0.263316,0.214134,0.80965,0.352585,0.303404,0.62593,0.137557,0.088375,-0.125759,-0.08927000000000002,-0.036488999999999994
Ac7_rdkit_conf_2,2,-0.69186,1.9552,114.3919,-0.381251,-0.182033,-0.5734,-0.273647,-0.074429,-0.73638,-0.450296,-0.251078,-0.06904500000000002,-0.107604,0.03855899999999998
Ac7_rdkit_conf_2,3,-0.32523,3.9679,140.5717,-0.08126,-0.022117,-0.26893,-0.03877,0.020373,-0.34573,-0.118775,-0.059633,-0.037515999999999994,-0.04249,0.004974000000000006
Ac7_rdkit_conf_2,4,-0.39244,3.923,156.8015,-0.157833,-0.051409,-0.39804,-0.142587,-0.036163,-0.39228,-0.171927,-0.065503,-0.014094000000000002,-0.015246000000000003,0.0011520000000000002
Ac7_rdkit_conf_2,5,-0.39519,3.9293,159.2515,-0.160621,-0.05059,-0.38905,-0.137643,-0.027612,-0.40851,-0.186656,-0.076625,-0.026034999999999996,-0.022978000000000002,-0.0030569999999999938
Ac7_rdkit_conf_2,6,-0.3961,3.9297,158.3839,-0.161717,-0.051495,-0.4028,-0.14318,-0.032958,-0.39254,-0.176446,-0.066223,-0.014728000000000005,-0.018536999999999998,0.003808999999999993
Ac7_rdkit_conf_2,7,-0.39466,3.9293,157.7258,-0.159404,-0.049276,-0.37998,-0.126424,-0.016296,-0.41455,-0.189778,-0.079649,-0.030372999999999997,-0.032979999999999995,0.002606999999999998
Ac7_rdkit_conf_2,8,-0.38543,3.921,152.7844,-0.154206,-0.047595,-0.36764,-0.122799,-0.016188,-0.39537,-0.179501,-0.07289,-0.025294999999999998,-0.031407,0.006111999999999999
Ac7_rdkit_conf_2,9,0.49294,0.7603,26.0999,0.356769,0.179228,0.52544,0.406909,0.229368,0.44253,0.300033,0.122492,-0.056735999999999995,-0.05013999999999999,-0.006596000000000005
Ac7_rdkit_conf_2,10,0.22061,0.9536,29.8866,0.103147,0.039194,0.27672,0.143734,0.079781,0.04075,-0.013773,-0.077726,-0.11692,-0.040587000000000005,-0.07633299999999998
Ac7_rdkit_conf_2,11,0.21698,0.9539,30.2555,0.089853,0.032695,0.24697,0.11599,0.058832,0.19461,0.06351,0.006351,-0.026344000000000003,-0.026137,-0.00020700000000000232
Ac7_rdkit_conf_2,12,0.21139,0.9572,30.5351,0.090299,0.030894,0.22225,0.106342,0.046937,0.19584,0.072038,0.012633,-0.018261,-0.016042999999999998,-0.0022180000000000012
Ac7_rdkit_conf_2,13,0.19128,0.9653,30.9155,0.081904,0.026213,0.21459,0.102102,0.046411,0.13193,0.023604,-0.032087,-0.0583,-0.020198,-0.038102
Ac7_rdkit_conf_2,14,0.21072,0.9567,30.2898,0.086661,0.03195,0.24742,0.116126,0.061415,0.16764,0.050747,-0.003963,-0.035913,-0.029464999999999998,-0.006448000000000002
Ac7_rdkit_conf_2,15,0.20825,0.9577,30.3902,0.085008,0.030393,0.2571,0.121381,0.066766,0.17428,0.053328,-0.001287,-0.03168,-0.036373,0.004693000000000003
Ac7_rdkit_conf_2,16,0.19375,0.9644,30.9191,0.083588,0.027856,0.2112,0.100181,0.044449,0.17673,0.065432,0.009699,-0.018157,-0.016593000000000004,-0.001563999999999996
Ac7_rdkit_conf_2,17,0.19339,0.9646,30.7997,0.083733,0.027971,0.21705,0.105628,0.049865,0.13095,0.023067,-0.032696,-0.060667,-0.021894,-0.038773
Ac7_rdkit_conf_2,18,0.21057,0.9568,30.2741,0.086794,0.032117,0.26538,0.128804,0.074128,0.17694,0.055198,0.000521,-0.031596,-0.042011,0.010415
Ac7_rdkit_conf_2,19,0.20052,0.9617,30.8991,0.088637,0.03108,0.2254,0.110106,0.052549,0.17775,0.062215,0.004658,-0.026422,-0.021469,-0.0049530000000000025
Ac7_rdkit_conf_2,20,0.22064,0.9524,29.8515,0.089493,0.031301,0.24531,0.113086,0.054894,0.19172,0.052859,-0.005333,-0.036634,-0.023592999999999996,-0.013041000000000004
Ac5_rdkit_conf_1,0,-0.59926,3.8664,161.5823,-0.230899,-0.085107,-0.60895,-0.220247,-0.074455,-0.59459,-0.243169,-0.097377,-0.012270000000000003,-0.010652000000000009,-0.0016179999999999944
Ac5_rdkit_conf_1,1,-0.17443,4.0153,136.6700,-0.00542,0.012661,-0.20748,0.002143,0.020224,-0.17362,-0.007937,0.010144,-0.002517,-0.0075629999999999985,0.005045999999999998
Ac5_rdkit_conf_1,2,-0.58397,3.8704,154.5081,-0.230931,-0.08598,-0.58166,-0.210279,-0.065327,-0.58253,-0.24293,-0.097978,-0.011997999999999995,-0.020653000000000005,0.00865500000000001
Ac5_rdkit_conf_1,3,0.81452,3.8216,-8.5767,0.266485,0.21433,0.79536,0.273407,0.221252,0.80516,0.250849,0.198694,-0.015635999999999983,-0.0069220000000000115,-0.008713999999999972
Ac5_rdkit_conf_1,4,-0.59755,2.0206,-146.4434,-0.32869,-0.274675,-0.5369,-0.282261,-0.228246,-0.64573,-0.370783,-0.316768,-0.04209299999999999,-0.046429,0.0043360000000000065
Ac5_rdkit_conf_1,5,-0.68799,1.9654,114.9468,-0.370436,-0.171597,-0.67774,-0.355426,-0.156587,-0.69346,-0.38451,-0.185672,-0.014075000000000004,-0.015009999999999996,0.0009349999999999914
Ac5_rdkit_conf_1,6,-0.00022,4.019,17.6426,-0.009214,0.000688,0.27539,0.113395,0.123297,0.01379,-0.04562,-0.035719,-0.036407,-0.12260900000000001,0.086202
Ac5_rdkit_conf_1,7,-0.21821,3.9611,37.7753,-0.096311,-0.043274,-0.15987,-0.02258,0.030456,-0.37841,-0.193098,-0.140062,-0.09678799999999999,-0.07373,-0.02305799999999998
Ac5_rdkit_conf_1,8,-0.20038,3.9638,36.6525,-0.095403,-0.039421,-0.19737,-0.036822,0.019159,-0.38746,-0.212052,-0.15607,-0.11664899999999999,-0.05857999999999999,-0.058068999999999996
Ac5_rdkit_conf_1,9,-0.21524,3.9637,38.9885,-0.09946,-0.043382,0.04632,0.05373,0.109807,-0.19309,-0.15396,-0.097882,-0.0545,-0.153189,0.098689
Ac5_rdkit_conf_1,10,-0.20074,3.9647,36.6308,-0.096827,-0.040761,-0.15709,-0.023023,0.033043,-0.37828,-0.210156,-0.15409,-0.11332900000000001,-0.07380400000000001,-0.039525000000000005
Ac5_rdkit_conf_1,11,-0.21827,3.9627,42.2679,-0.097227,-0.043073,-0.19493,-0.033232,0.020922,-0.3916,-0.200022,-0.145868,-0.102795,-0.063995,-0.0388
Ac5_rdkit_conf_1,12,0.22671,0.9494,29.8594,0.090133,0.033131,0.23472,0.101023,0.044021,0.22315,0.078079,0.021077,-0.012054000000000002,-0.010889999999999997,-0.0011640000000000053
Ac5_rdkit_conf_1,13,0.2175,0.9534,30.6599,0.090113,0.03583,0.24779,0.114611,0.060328,0.18901,0.065623,0.01134,-0.02449,-0.024498,7.999999999997592e-06
Ac5_rdkit_conf_1,14,0.2122,0.9561,30.4519,0.089124,0.035556,0.22319,0.101719,0.048152,0.20644,0.076053,0.022485,-0.013070999999999996,-0.012596000000000003,-0.0004749999999999928
Ac5_rdkit_conf_1,15,0.21075,0.9564,31.2155,0.086623,0.0332,0.2231,0.101199,0.047776,0.20353,0.07458,0.021158,-0.012042,-0.014575999999999999,0.002533999999999998
Ac5_rdkit_conf_1,16,0.22397,0.9505,29.9606,0.08992,0.03336,0.23127,0.101639,0.045079,0.22489,0.079199,0.022639,-0.010721000000000001,-0.011719,0.0009979999999999989
Ac5_rdkit_conf_1,17,0.21564,0.9544,30.5308,0.088734,0.034004,0.25589,0.120555,0.065824,0.18611,0.064039,0.009308,-0.024696,-0.031819999999999994,0.007123999999999995
Ac5_rdkit_conf_1,18,0.49569,0.7576,26.1977,0.359832,0.182046,0.51659,0.381057,0.203271,0.47633,0.339371,0.161585,-0.020461000000000007,-0.021224999999999994,0.0007639999999999869
Ac5_rdkit_conf_1,19,0.22118,0.9525,23.7149,0.101593,0.041193,0.25868,0.13966,0.07926,0.18644,0.052529,-0.00787,-0.049063,-0.038067,-0.010996000000000006
Ac5_rdkit_conf_1,20,0.21489,0.9547,23.8775,0.100645,0.044508,0.2575,0.142738,0.086601,0.17561,0.039189,-0.016949,-0.061457,-0.042093,-0.019364
Ac5_rdkit_conf_1,21,0.21454,0.9548,23.9985,0.09963,0.043545,0.24573,0.156511,0.100426,0.17508,0.059109,0.003023,-0.040522,-0.056881,0.016359
Ac5_rdkit_conf_1,22,0.21348,0.9553,23.8438,0.099479,0.043343,0.25488,0.144194,0.088058,0.17398,0.038985,-0.017151,-0.060494,-0.044715,-0.015779
Ac5_rdkit_conf_1,23,0.21519,0.9549,23.7661,0.098519,0.039888,0.25561,0.136301,0.07767,0.17925,0.046655,-0.011977,-0.051865,-0.037782,-0.014082999999999998
Ac2_rdkit_conf_3,0,-0.60979,3.8775,152.8667,,,,,,,,,,,
Ac2_rdkit_conf_3,1,0.2699,3.9034,103.9154,,,,,,,,,,,
Ac2_rdkit_conf_3,2,-0.63957,3.8669,159.4183,,,,,,,,,,,
Ac2_rdkit_conf_3,3,-0.64038,3.8655,159.4569,,,,,,,,,,,
Ac2_rdkit_conf_3,4,-0.53124,2.1465,118.3872,,,,,,,,,,,
Ac2_rdkit_conf_3,5,0.9061,3.8404,15.5136,,,,,,,,,,,
Ac2_rdkit_conf_3,6,-0.65984,1.9543,-15.8153,,,,,,,,,,,
Ac2_rdkit_conf_3,7,-0.62645,3.1481,164.9369,,,,,,,,,,,
Ac2_rdkit_conf_3,8,-0.3323,3.8734,141.7076,,,,,,,,,,,
Ac2_rdkit_conf_3,9,0.78146,3.8287,-2.1872,,,,,,,,,,,
Ac2_rdkit_conf_3,10,-0.58784,2.0291,-140.8976,,,,,,,,,,,
Ac2_rdkit_conf_3,11,-0.68385,1.9653,123.4272,,,,,,,,,,,
Ac2_rdkit_conf_3,12,0.21382,0.9552,30.6848,,,,,,,,,,,
Ac2_rdkit_conf_3,13,0.21477,0.9547,30.6315,,,,,,,,,,,
Ac2_rdkit_conf_3,14,0.21044,0.9562,31.1084,,,,,,,,,,,
Ac2_rdkit_conf_3,15,0.21164,0.9561,30.9685,,,,,,,,,,,
Ac2_rdkit_conf_3,16,0.23914,0.9436,29.3268,,,,,,,,,,,
Ac2_rdkit_conf_3,17,0.21155,0.9558,31.1257,,,,,,,,,,,
Ac2_rdkit_conf_3,18,0.21614,0.9542,30.8701,,,,,,,,,,,
Ac2_rdkit_conf_3,19,0.2108,0.9561,31.1571,,,,,,,,,,,
Ac2_rdkit_conf_3,20,0.23931,0.9435,29.3627,,,,,,,,,,,
Ac2_rdkit_conf_3,21,0.40459,0.8377,27.7735,,,,,,,,,,,
Ac2_rdkit_conf_3,22,0.23103,0.9473,28.8533,,,,,,,,,,,
Ac2_rdkit_conf_3,23,0.25446,0.9366,27.6998,,,,,,,,,,,
Ac2_rdkit_conf_3,24,0.49611,0.7571,25.9034,,,,,,,,,,,
Ac2_rdkit_conf_4,0,-0.60934,3.8775,152.6239,-0.234316,-0.089787,-0.61837,-0.224624,-0.080095,-0.60601,-0.238944,-0.094415,-0.004627999999999993,-0.009692000000000006,0.005064000000000013
Ac2_rdkit_conf_4,1,0.26949,3.905,104.8364,0.086359,0.096327,0.26932,0.091408,0.101377,0.26724,0.08466,0.094629,-0.0016979999999999912,-0.005049999999999999,0.0033520000000000078
Ac2_rdkit_conf_4,2,-0.63989,3.8668,159.3685,-0.239163,-0.094598,-0.642,-0.226744,-0.082178,-0.63797,-0.242853,-0.098287,-0.003688999999999998,-0.01242,0.008731000000000003
Ac2_rdkit_conf_4,3,-0.63988,3.8668,159.3683,-0.239153,-0.094586,-0.64198,-0.22673,-0.082163,-0.63796,-0.242843,-0.098276,-0.003689999999999999,-0.012423000000000003,0.008733000000000005
Ac2_rdkit_conf_4,4,-0.53197,2.1383,125.5958,-0.210098,-0.140066,-0.46407,-0.163084,-0.093051,-0.54117,-0.21973,-0.149698,-0.009632000000000002,-0.047015,0.037383
Ac2_rdkit_conf_4,5,0.89611,3.8437,19.4012,0.353118,0.225903,0.815,0.394289,0.267073,0.87014,0.332285,0.20507,-0.02083299999999999,-0.04117000000000001,0.02033700000000002
Ac2_rdkit_conf_4,6,-0.66808,1.9389,-9.2220,-0.351071,-0.300999,-0.46951,-0.216222,-0.16615,-0.70487,-0.383671,-0.333599,-0.03259999999999996,-0.13484900000000002,0.10224900000000006
Ac2_rdkit_conf_4,7,-0.63467,3.1692,168.6977,-0.460196,-0.103855,-0.14612,-0.197696,0.158646,-0.60787,-0.456279,-0.099937,0.003918000000000005,-0.262501,0.26641899999999996
Ac2_rdkit_conf_4,8,-0.32031,3.8742,141.3316,-0.032991,0.001307,-0.39484,0.011696,0.045994,-0.28255,-0.089523,-0.055225,-0.056532000000000006,-0.044687,-0.011845000000000008
Ac2_rdkit_conf_4,9,0.78989,3.8321,-1.6468,0.273672,0.219839,0.76982,0.283075,0.229241,0.41527,0.032732,-0.021102,-0.24094100000000002,-0.009401999999999994,-0.23153900000000002
Ac2_rdkit_conf_4,10,-0.59656,2.0171,-134.5123,-0.323982,-0.271608,-0.55335,-0.285741,-0.233367,-0.83088,-0.552902,-0.500528,-0.22891999999999996,-0.038241000000000025,-0.19067899999999993
Ac2_rdkit_conf_4,11,-0.67435,1.9754,120.9717,-0.369691,-0.1713,-0.64595,-0.337109,-0.138717,-0.76239,-0.481988,-0.283596,-0.112296,-0.032583,-0.079713
Ac2_rdkit_conf_4,12,0.21433,0.9549,30.6784,0.089314,0.033888,0.22378,0.09963,0.044205,0.21185,0.085587,0.030161,-0.003727000000000001,-0.010317,0.006589999999999999
Ac2_rdkit_conf_4,13,0.21002,0.9564,31.1228,0.08892,0.035613,0.23555,0.109634,0.056328,0.1947,0.076461,0.023154,-0.012458999999999998,-0.020715000000000004,0.008256000000000006
Ac2_rdkit_conf_4,14,0.21432,0.9549,30.6783,0.089312,0.033887,0.22378,0.099631,0.044206,0.21184,0.085583,0.030158,-0.0037289999999999997,-0.010319000000000002,0.006590000000000002
Ac2_rdkit_conf_4,15,0.23947,0.9435,29.2818,0.092671,0.032996,0.23241,0.097341,0.037667,0.24585,0.092086,0.032411,-0.0005849999999999952,-0.0046710000000000015,0.004086000000000006
Ac2_rdkit_conf_4,16,0.21144,0.9562,30.9813,0.087426,0.032161,0.22294,0.098357,0.043092,0.20915,0.084466,0.029201,-0.002960000000000001,-0.010930999999999996,0.007970999999999995
Ac2_rdkit_conf_4,16,0.21144,0.9562,30.9813,0.087426,0.032162,0.22295,0.098361,0.043098,0.20914,0.084462,0.029198,-0.0029640000000000014,-0.010935999999999994,0.007971999999999993
Ac2_rdkit_conf_4,17,0.2113,0.9559,31.1389,0.088011,0.034705,0.24669,0.114969,0.061664,0.19276,0.073824,0.020518,-0.014186999999999998,-0.026958999999999997,0.012771999999999999
Ac2_rdkit_conf_4,16,0.21144,0.9562,30.9813,0.087426,0.032161,0.22294,0.098357,0.043092,0.20915,0.084466,0.029201,-0.002960000000000001,-0.010930999999999996,0.007970999999999995
Ac2_rdkit_conf_4,16,0.21144,0.9562,30.9813,0.087426,0.032162,0.22295,0.098361,0.043098,0.20914,0.084462,0.029198,-0.0029640000000000014,-0.010935999999999994,0.007971999999999993
Ac2_rdkit_conf_4,19,0.21131,0.9559,31.1387,0.08802,0.034714,0.24669,0.114974,0.061669,0.19277,0.073835,0.02053,-0.014184000000000002,-0.026955,0.012770999999999998
Ac2_rdkit_conf_4,20,0.23943,0.9435,29.2842,0.092669,0.033005,0.23239,0.09734,0.037677,0.24581,0.092084,0.03242,-0.0005850000000000022,-0.0046720000000000025,0.004087
Ac2_rdkit_conf_4,21,0.43005,0.8166,26.9495,0.327753,0.121149,0.46994,0.400034,0.19343,0.42523,0.312216,0.105612,-0.01553700000000001,-0.07228099999999998,0.056743999999999975
Ac2_rdkit_conf_4,22,0.23417,0.9468,28.0773,0.124933,0.055053,0.32003,0.185882,0.116002,0.13164,0.04746,-0.02242,-0.077473,-0.060948999999999996,-0.016524000000000004
Ac2_rdkit_conf_4,23,0.23418,0.9468,28.0772,0.124938,0.055057,0.32004,0.185885,0.116004,0.13158,0.047433,-0.022447,-0.077504,-0.060946999999999994,-0.01655700000000001
Ac2_rdkit_conf_4,24,0.4981,0.7549,25.7381,0.366118,0.189028,0.52485,0.395437,0.218347,0.4567,0.303559,0.126469,-0.062559,-0.02931900000000001,-0.03323999999999999
Ac5_rdkit_conf_3,0,-0.59718,3.8673,160.6308,-0.232262,-0.086133,-0.60643,-0.221578,-0.075449,-0.58952,-0.243278,-0.097148,-0.011014999999999997,-0.010683999999999999,-0.00033099999999999796
Ac5_rdkit_conf_3,1,-0.17005,4.0145,137.2433,-0.003898,0.01417,-0.20003,0.004986,0.023054,-0.14701,-0.018165,-9.7e-05,-0.014267,-0.008884000000000001,-0.005382999999999999
Ac5_rdkit_conf_3,2,-0.58769,3.8702,155.6372,-0.231475,-0.086256,-0.58562,-0.211616,-0.066397,-0.59425,-0.252854,-0.107635,-0.021378999999999995,-0.019859,-0.0015199999999999936
Ac5_rdkit_conf_3,3,0.81237,3.8202,-6.4488,0.267833,0.215238,0.79749,0.279283,0.226689,0.73848,0.214148,0.161554,-0.05368400000000001,-0.011450999999999989,-0.04223300000000002
Ac5_rdkit_conf_3,4,-0.59099,2.0276,-142.3818,-0.32713,-0.274458,-0.51674,-0.27119,-0.218517,-0.68043,-0.405998,-0.353326,-0.078868,-0.05594099999999999,-0.022927000000000003
Ac5_rdkit_conf_3,5,-0.69684,1.9538,115.2613,-0.367997,-0.165794,-0.68538,-0.351625,-0.149422,-0.71766,-0.397942,-0.195739,-0.029945,-0.016371999999999998,-0.013573000000000002
Ac5_rdkit_conf_3,6,-0.00905,4.0181,19.4725,-0.009538,0.000325,0.25563,0.110604,0.120467,-0.17703,-0.086457,-0.076594,-0.076919,-0.120142,0.043223
Ac5_rdkit_conf_3,7,-0.2125,3.9603,36.2094,-0.098031,-0.044559,-0.15364,-0.025663,0.027809,-0.27711,-0.158347,-0.104875,-0.060315999999999995,-0.072368,0.012052000000000007
Ac5_rdkit_conf_3,8,-0.20404,3.9643,37.0996,-0.097177,-0.04115,-0.20072,-0.039353,0.016674,-0.2256,-0.155078,-0.09905,-0.0579,-0.057824,-7.599999999999968e-05
Ac5_rdkit_conf_3,9,-0.2126,3.9637,38.7564,-0.098753,-0.042672,0.04373,0.051693,0.107775,-0.4117,-0.213702,-0.15762,-0.11494800000000001,-0.150447,0.03549899999999999
Ac5_rdkit_conf_3,10,-0.20269,3.9644,37.0652,-0.097113,-0.041008,-0.15931,-0.024461,0.031645,-0.24239,-0.161482,-0.105376,-0.064368,-0.072653,0.008285
Ac5_rdkit_conf_3,11,-0.21341,3.9621,40.3453,-0.095983,-0.041676,-0.1903,-0.03402,0.020287,-0.25898,-0.154625,-0.100319,-0.05864300000000001,-0.061963,0.0033199999999999896
Ac5_rdkit_conf_3,12,0.22968,0.9481,29.5178,0.09193,0.034853,0.23714,0.103048,0.045971,0.22268,0.080415,0.023337,-0.011516000000000002,-0.011117999999999996,-0.000398000000000006
Ac5_rdkit_conf_3,13,0.20966,0.957,30.8225,0.087001,0.033344,0.21983,0.099511,0.045854,0.19598,0.071614,0.017956,-0.015387999999999999,-0.01251,-0.0028779999999999986
Ac5_rdkit_conf_3,14,0.21825,0.9532,30.7047,0.089926,0.035167,0.24812,0.114173,0.059415,0.19308,0.066411,0.011653,-0.023513999999999997,-0.024248000000000006,0.000734000000000009
Ac5_rdkit_conf_3,15,0.22107,0.9518,29.6052,0.088572,0.031005,0.22865,0.100389,0.042823,0.21342,0.075769,0.018202,-0.012803000000000002,-0.011817999999999999,-0.0009850000000000032
Ac5_rdkit_conf_3,16,0.21465,0.9549,30.9380,0.089016,0.03562,0.22831,0.104687,0.05129,0.19624,0.067419,0.014022,-0.021598,-0.015670000000000003,-0.005927999999999996
Ac5_rdkit_conf_3,17,0.21148,0.9562,30.5755,0.087491,0.033387,0.24847,0.117151,0.063047,0.17686,0.055582,0.001478,-0.031909,-0.029660000000000006,-0.002248999999999994
Ac5_rdkit_conf_3,18,0.49765,0.7557,26.0092,0.360108,0.182306,0.51836,0.381892,0.20409,0.46853,0.328007,0.150205,-0.03210099999999999,-0.021783999999999998,-0.010316999999999993
Ac5_rdkit_conf_3,19,0.22256,0.9517,23.1245,0.098201,0.036317,0.25962,0.134734,0.07285,0.19525,0.063816,0.001932,-0.034385,-0.036532999999999996,0.002147999999999997
Ac5_rdkit_conf_3,20,0.21379,0.9552,23.8336,0.099639,0.043486,0.25591,0.141271,0.085118,0.17877,0.060352,0.0042,-0.039285999999999995,-0.041632,0.002346000000000008
Ac5_rdkit_conf_3,21,0.21445,0.9548,23.9984,0.099853,0.043777,0.24544,0.155923,0.099847,0.17779,0.040656,-0.01542,-0.059197,-0.05607,-0.003126999999999998
Ac5_rdkit_conf_3,22,0.21388,0.9551,23.8748,0.099833,0.043684,0.2547,0.143884,0.087734,0.1784,0.058245,0.002096,-0.041588,-0.044050000000000006,0.002462000000000006
Ac5_rdkit_conf_3,23,0.21753,0.9539,23.7483,0.100008,0.041079,0.25677,0.136325,0.077396,0.18623,0.065547,0.006618,-0.034461,-0.03631700000000001,0.0018560000000000104
Ac4_rdkit_conf_2,0,-0.25614,3.7846,131.0469,-0.114468,0.007971,-0.28701,-0.083386,0.039053,-0.24589,-0.133168,-0.010729,-0.0187,-0.031082,0.012381999999999997
Ac4_rdkit_conf_2,1,-0.45132,2.1978,216.7696,-0.213012,-0.123154,-0.28242,-0.093972,-0.004114,-0.4696,-0.232885,-0.143026,-0.019871999999999987,-0.11904,0.09916800000000002
Ac4_rdkit_conf_2,2,0.34678,3.927,4.8207,0.107965,0.087065,0.42083,0.184353,0.163453,0.30054,0.059237,0.038337,-0.048728,-0.07638799999999998,0.027659999999999983
Ac4_rdkit_conf_2,3,-0.31657,3.9536,59.4555,-0.119963,-0.0674,-0.21377,-0.043574,0.008989,-0.36517,-0.180559,-0.127996,-0.060596,-0.076389,0.015793
Ac4_rdkit_conf_2,4,-0.15957,3.9629,29.0971,-0.08322,-0.027333,-0.16142,-0.027737,0.02815,-0.36262,-0.202141,-0.146254,-0.118921,-0.055483000000000005,-0.063438
Ac4_rdkit_conf_2,5,-0.25398,3.9589,47.8417,-0.109977,-0.05402,-0.01319,0.029862,0.085819,-0.2475,-0.162296,-0.106339,-0.052319000000000004,-0.139839,0.08751999999999999
Ac4_rdkit_conf_2,6,-0.13309,3.95,27.4445,-0.074131,-0.022562,-0.14357,-0.024391,0.027179,-0.25301,-0.155379,-0.103809,-0.081247,-0.049740999999999994,-0.031506000000000006
Ac4_rdkit_conf_2,7,-0.23274,3.9996,50.7594,-0.032773,-0.034401,-0.1163,0.037121,0.035493,-0.32527,-0.102507,-0.104136,-0.069735,-0.069894,0.00015899999999999248
Ac4_rdkit_conf_2,8,0.78413,3.8424,4.1590,0.261759,0.20623,0.75402,0.277187,0.221658,0.69393,0.169988,0.114459,-0.09177099999999999,-0.015427999999999997,-0.076343
Ac4_rdkit_conf_2,9,-0.60694,2.0016,-116.4169,-0.341144,-0.288714,-0.52952,-0.280244,-0.227814,-0.73303,-0.449068,-0.396639,-0.107925,-0.06090000000000004,-0.047024999999999956
Ac4_rdkit_conf_2,10,-0.66191,1.9904,108.7547,-0.367158,-0.174029,-0.65527,-0.351961,-0.158833,-0.70339,-0.420497,-0.227368,-0.053339,-0.015195999999999987,-0.03814300000000001
Ac4_rdkit_conf_2,11,0.20214,0.9598,27.8148,0.113112,0.051769,0.24062,0.145808,0.084465,0.17403,0.089305,0.027962,-0.023807000000000002,-0.032695999999999996,0.008888999999999994
Ac4_rdkit_conf_2,12,0.17411,0.9718,28.3727,0.098281,0.038479,0.21221,0.130487,0.070685,0.15855,0.080378,0.020576,-0.017903,-0.032206,0.014303
Ac4_rdkit_conf_2,13,0.17397,0.9718,28.3880,0.098065,0.03827,0.21198,0.130256,0.070461,0.15846,0.080158,0.020364,-0.017906,-0.032191,0.014284999999999999
Ac4_rdkit_conf_2,14,0.22101,0.9527,24.4862,0.100533,0.03991,0.254,0.13834,0.077718,0.18586,0.063582,0.002959,-0.036951,-0.037807999999999994,0.0008569999999999967
Ac4_rdkit_conf_2,15,0.21511,0.9546,23.6838,0.104345,0.048149,0.25704,0.144503,0.088307,0.17617,0.044599,-0.011597,-0.059745999999999994,-0.040158,-0.019587999999999994
Ac4_rdkit_conf_2,16,0.21965,0.9525,24.2976,0.101606,0.045351,0.25235,0.155639,0.099384,0.18175,0.06272,0.006465,-0.038886000000000004,-0.054033,0.015146999999999994
Ac4_rdkit_conf_2,17,0.24242,0.9422,22.6731,0.111802,0.048791,0.28054,0.146807,0.083796,0.21482,0.06997,0.00696,-0.041831,-0.035004999999999994,-0.006826000000000006
Ac4_rdkit_conf_2,18,0.49293,0.7599,25.4724,0.358406,0.179655,0.51888,0.384924,0.206174,0.46137,0.318597,0.139847,-0.03980800000000001,-0.026518999999999987,-0.013289000000000023
Ac2_rdkit_conf_1,0,-0.64011,3.8663,159.2823,-0.238813,-0.094279,-0.641,-0.229129,-0.084595,-0.66879,-0.262997,-0.118463,-0.024183999999999997,-0.009683999999999998,-0.014499999999999999
Ac2_rdkit_conf_1,1,0.26993,3.9035,103.9437,0.08683,0.096909,0.27047,0.091064,0.101143,0.25143,0.080247,0.090326,-0.006582999999999992,-0.004234000000000002,-0.00234899999999999
Ac2_rdkit_conf_1,2,-0.64001,3.8662,159.4153,-0.238459,-0.09389,-0.64337,-0.227684,-0.083115,-0.6508,-0.256413,-0.111843,-0.017952999999999997,-0.010775000000000007,-0.00717799999999999
Ac2_rdkit_conf_1,3,-0.60978,3.8774,152.7146,-0.234215,-0.089689,-0.6174,-0.225288,-0.080762,-0.63411,-0.257528,-0.113001,-0.023312,-0.008927000000000004,-0.014384999999999995
Ac2_rdkit_conf_1,4,-0.5328,2.1436,119.9874,-0.207867,-0.136969,-0.47681,-0.168984,-0.098086,-0.52968,-0.229842,-0.158944,-0.021974999999999995,-0.038883,0.016908000000000006
Ac2_rdkit_conf_1,5,0.90343,3.8414,16.2662,0.353718,0.227903,0.84498,0.38525,0.259436,0.88442,0.320885,0.19507,-0.032833,-0.031533000000000005,-0.0012999999999999956
Ac2_rdkit_conf_1,6,-0.66012,1.9539,-15.8890,-0.338861,-0.288422,-0.504,-0.234305,-0.183867,-0.68556,-0.37196,-0.321521,-0.03309899999999999,-0.10455500000000001,0.07145600000000002
Ac2_rdkit_conf_1,7,-0.62889,3.156,162.8886,-0.465627,-0.110682,-0.26019,-0.259874,0.095071,-0.65576,-0.502561,-0.147615,-0.036932999999999994,-0.20575300000000002,0.16882000000000003
Ac2_rdkit_conf_1,8,-0.32847,3.8727,140.2353,-0.034808,0.000932,-0.36421,0.008855,0.044594,-0.3596,-0.073779,-0.03804,-0.038972,-0.043662,0.00469
Ac2_rdkit_conf_1,9,0.78308,3.8305,-1.2955,0.264049,0.210377,0.79266,0.314902,0.26123,0.7686,0.223831,0.170159,-0.040218000000000004,-0.05085300000000001,0.010635000000000006
Ac2_rdkit_conf_1,10,-0.5867,2.0299,-138.4408,-0.334814,-0.284018,-0.39704,-0.190222,-0.139426,-0.63511,-0.385844,-0.335048,-0.05103000000000002,-0.144592,0.09356199999999998
Ac2_rdkit_conf_1,11,-0.68706,1.9656,112.8534,-0.370356,-0.175881,-0.64786,-0.324456,-0.129982,-0.70308,-0.42291,-0.228435,-0.05255399999999999,-0.04589900000000002,-0.0066549999999999665
Ac2_rdkit_conf_1,12,0.21203,0.9556,31.1140,0.088509,0.035196,0.24332,0.112209,0.058896,0.16581,0.047756,-0.005557,-0.040753,-0.0237,-0.017053
Ac2_rdkit_conf_1,13,0.23983,0.9433,29.2831,0.093444,0.033665,0.23186,0.095727,0.035948,0.22869,0.076732,0.016953,-0.016712,-0.0022830000000000003,-0.014429
Ac2_rdkit_conf_1,14,0.21196,0.956,30.9629,0.087358,0.031938,0.21876,0.094632,0.039213,0.17131,0.046839,-0.008581,-0.040519,-0.007274999999999997,-0.033244
Ac2_rdkit_conf_1,15,0.21222,0.9558,30.9536,0.088165,0.032913,0.22341,0.098525,0.043273,0.19045,0.063247,0.007995,-0.024917999999999996,-0.010360000000000001,-0.014557999999999995
Ac2_rdkit_conf_1,16,0.21209,0.9555,31.1095,0.088702,0.035394,0.24391,0.112858,0.05955,0.17573,0.054745,0.001437,-0.033957,-0.024155999999999997,-0.009801000000000004
Ac2_rdkit_conf_1,17,0.23993,0.9433,29.2862,0.093589,0.033923,0.23352,0.097669,0.038002,0.23321,0.081159,0.021493,-0.01243,-0.004078999999999999,-0.008351
Ac2_rdkit_conf_1,18,0.21451,0.9549,30.6676,0.089453,0.034031,0.22367,0.099228,0.043806,0.19089,0.062638,0.007216,-0.026815,-0.009774999999999999,-0.01704
Ac2_rdkit_conf_1,19,0.21373,0.9552,30.6644,0.088966,0.033568,0.22136,0.097642,0.042243,0.19214,0.058406,0.003007,-0.030561,-0.008675000000000002,-0.021886
Ac2_rdkit_conf_1,20,0.21107,0.9559,31.0859,0.089629,0.036318,0.23417,0.108403,0.055092,0.17319,0.052867,-0.000444,-0.036762,-0.018774,-0.017988000000000004
Ac2_rdkit_conf_1,21,0.40542,0.837,27.6025,0.32962,0.127449,0.44478,0.394333,0.192162,0.18442,0.188249,-0.013922,-0.141371,-0.06471299999999999,-0.076658
Ac2_rdkit_conf_1,22,0.23452,0.9456,28.8257,0.127308,0.059106,0.28653,0.170745,0.102543,0.1587,0.056277,-0.011925,-0.071031,-0.043436999999999996,-0.027594
Ac2_rdkit_conf_1,23,0.25158,0.938,27.8614,0.130954,0.058382,0.30662,0.176073,0.103502,0.22475,0.103655,0.031084,-0.027298000000000003,-0.04511999999999999,0.01782199999999999
Ac2_rdkit_conf_1,24,0.49861,0.7548,25.9499,0.363513,0.185812,0.53185,0.401816,0.224115,0.32872,0.246238,0.068538,-0.117274,-0.038303000000000004,-0.078971
